1,2,3,4,5
41.8550756510357,0,10000,1250,0
42.0463851341727,100,10000,1250,0
41.3847256049477,200,10000,1250,0
42.2951393786979,300,10000,1250,0
41.0981459397627,400,10000,1250,0
41.2435837998666,500,10000,1250,0
41.0913201502271,600,10000,1250,0
41.1797658759052,700,10000,1250,0
41.2667310182343,800,10000,1250,0
41.2893793222726,900,10000,1250,0
41.7291004882362,1000,10000,1250,0
42.6723363547111,0,11000,1250,0
41.8957474270892,100,11000,1250,0
41.2096787791611,200,11000,1250,0
41.7945037100222,300,11000,1250,0
41.4482380890378,400,11000,1250,0
41.9415824885151,500,11000,1250,0
41.3146704108937,600,11000,1250,0
41.7369569844858,700,11000,1250,0
41.2677552054057,800,11000,1250,0
41.3556150095343,900,11000,1250,0
40.7183313055459,1000,11000,1250,0
42.7414440767483,0,12000,1250,0
42.4500561193232,100,12000,1250,0
42.0735553941269,200,12000,1250,0
42.0562129983292,300,12000,1250,0
41.4706111970536,400,12000,1250,0
41.7984868639704,500,12000,1250,0
41.5871926195546,600,12000,1250,0
41.5508287804463,700,12000,1250,0
41.390845679578,800,12000,1250,0
41.6472940596026,900,12000,1250,0
41.2147365162385,1000,12000,1250,0
42.6891620748875,0,13000,1250,0
42.3354989081077,100,13000,1250,0
42.1104579432803,200,13000,1250,0
42.1764986179618,300,13000,1250,0
42.1184198085997,400,13000,1250,0
41.5291786234665,500,13000,1250,0
41.0350263460154,600,13000,1250,0
41.3281656754861,700,13000,1250,0
41.317530820583,800,13000,1250,0
41.247599207503,900,13000,1250,0
40.8994403583024,1000,13000,1250,0
42.560632469788,0,14000,1250,0
42.4724997014889,100,14000,1250,0
41.4382032439147,200,14000,1250,0
41.9214913733431,300,14000,1250,0
40.9955218151341,400,14000,1250,0
41.9684752383721,500,14000,1250,0
41.3594172158105,600,14000,1250,0
41.3567491398754,700,14000,1250,0
41.0416245476391,800,14000,1250,0
41.4721026837668,900,14000,1250,0
41.1632836668145,1000,14000,1250,0
43.4690042134928,0,15000,1250,0
42.2471383749579,100,15000,1250,0
42.2003844689276,200,15000,1250,0
42.5176866390692,300,15000,1250,0
42.2107616141683,400,15000,1250,0
41.3910686502726,500,15000,1250,0
41.6212578945413,600,15000,1250,0
41.637114716987,700,15000,1250,0
41.5792127776464,800,15000,1250,0
41.4315928060363,900,15000,1250,0
41.0081636732245,1000,15000,1250,0
43.5260368751689,0,16000,1250,0
42.0966100643879,100,16000,1250,0
42.6330771796235,200,16000,1250,0
42.9672549622366,300,16000,1250,0
41.7853756360767,400,16000,1250,0
41.7607261388728,500,16000,1250,0
41.4948383560924,600,16000,1250,0
41.6610862317981,700,16000,1250,0
41.9685359813179,800,16000,1250,0
41.5019202108777,900,16000,1250,0
40.9824160595523,1000,16000,1250,0
43.8483943305265,0,17000,1250,0
42.8828871915639,100,17000,1250,0
43.4596128877107,200,17000,1250,0
42.5139951395879,300,17000,1250,0
42.5821700553785,400,17000,1250,0
41.5562122164835,500,17000,1250,0
41.5265334054723,600,17000,1250,0
41.9963340329167,700,17000,1250,0
41.7402448544691,800,17000,1250,0
41.6932993413987,900,17000,1250,0
40.8130390757655,1000,17000,1250,0
42.853829861988,0,18000,1250,0
43.4446991686879,100,18000,1250,0
42.8921546190635,200,18000,1250,0
42.1513731465522,300,18000,1250,0
42.4087754083606,400,18000,1250,0
42.5115017148402,500,18000,1250,0
41.6486248467043,600,18000,1250,0
41.8059783930254,700,18000,1250,0
41.421176638156,800,18000,1250,0
41.6995864781534,900,18000,1250,0
41.4127767197782,1000,18000,1250,0
43.9076106836702,0,19000,1250,0
44.0284282973438,100,19000,1250,0
42.5697065379995,200,19000,1250,0
43.2900317908122,300,19000,1250,0
42.3634279118164,400,19000,1250,0
42.0037446497218,500,19000,1250,0
42.4076496393274,600,19000,1250,0
41.3089407569031,700,19000,1250,0
41.6843855726076,800,19000,1250,0
41.4277945407188,900,19000,1250,0
41.326614758385,1000,19000,1250,0
44.2833545059462,0,20000,1250,0
43.3142136307785,100,20000,1250,0
43.5446123909293,200,20000,1250,0
43.0885811977448,300,20000,1250,0
42.9771528876502,400,20000,1250,0
42.1934158347218,500,20000,1250,0
41.7737826629676,600,20000,1250,0
41.958264443378,700,20000,1250,0
41.0506158597664,800,20000,1250,0
41.6920743827966,900,20000,1250,0
41.4097934776923,1000,20000,1250,0
44.0735870838713,0,21000,1250,0
43.8074760677259,100,21000,1250,0
44.19214152066,200,21000,1250,0
43.4984352042976,300,21000,1250,0
43.0813383488825,400,21000,1250,0
42.1926049529897,500,21000,1250,0
42.4258985926394,600,21000,1250,0
41.303713774785,700,21000,1250,0
41.6128064771492,800,21000,1250,0
41.5135589776471,900,21000,1250,0
41.3661024582976,1000,21000,1250,0
45.8279103861186,0,22000,1250,0
45.0335481646284,100,22000,1250,0
43.6421086436042,200,22000,1250,0
43.113342464139,300,22000,1250,0
43.4909056203475,400,22000,1250,0
42.6457504609217,500,22000,1250,0
41.7464842205276,600,22000,1250,0
40.8240249089373,700,22000,1250,0
41.7666332205789,800,22000,1250,0
41.6892569783152,900,22000,1250,0
41.6094495705558,1000,22000,1250,0
45.9068678786939,0,23000,1250,0
45.8529473657663,100,23000,1250,0
44.1526619527377,200,23000,1250,0
43.3222589851056,300,23000,1250,0
43.4731345157044,400,23000,1250,0
42.6648830178699,500,23000,1250,0
42.0055863537332,600,23000,1250,0
42.1495255200361,700,23000,1250,0
41.4081670045871,800,23000,1250,0
41.4219477716905,900,23000,1250,0
41.4037166643805,1000,23000,1250,0
46.186926270145,0,24000,1250,0
46.1555206515457,100,24000,1250,0
44.9562048711215,200,24000,1250,0
43.3805323908968,300,24000,1250,0
43.3181946998923,400,24000,1250,0
42.4575175341894,500,24000,1250,0
42.5977737251942,600,24000,1250,0
42.5053793798158,700,24000,1250,0
42.031013878327,800,24000,1250,0
41.6157498554679,900,24000,1250,0
41.3585864746419,1000,24000,1250,0
46.3330491864335,0,25000,1250,0
45.1156476523963,100,25000,1250,0
44.5495273902194,200,25000,1250,0
43.7102516502951,300,25000,1250,0
43.1538456252309,400,25000,1250,0
42.6883839447296,500,25000,1250,0
41.6789330054603,600,25000,1250,0
42.2739577814329,700,25000,1250,0
41.6047140712659,800,25000,1250,0
41.4909193872886,900,25000,1250,0
40.7370158430308,1000,25000,1250,0
42.0751627894408,0,10000,1500,0
41.6430341030324,100,10000,1500,0
41.5612879994645,200,10000,1500,0
42.2501299225845,300,10000,1500,0
41.6084030751396,400,10000,1500,0
41.3451859079539,500,10000,1500,0
41.778379239845,600,10000,1500,0
41.4045972141029,700,10000,1500,0
41.3549679212918,800,10000,1500,0
41.2148728195862,900,10000,1500,0
41.4058410643855,1000,10000,1500,0
42.5008687506332,0,11000,1500,0
41.9763507602057,100,11000,1500,0
42.4257520920967,200,11000,1500,0
41.3089558317593,300,11000,1500,0
41.195275773048,400,11000,1500,0
41.3982117448226,500,11000,1500,0
41.9055027673362,600,11000,1500,0
41.0488983686753,700,11000,1500,0
40.6571013252695,800,11000,1500,0
41.1684115165244,900,11000,1500,0
41.1554516732855,1000,11000,1500,0
42.5130494622362,0,12000,1500,0
42.1120495397405,100,12000,1500,0
41.5393218649417,200,12000,1500,0
42.0193671697425,300,12000,1500,0
41.027386850901,400,12000,1500,0
41.8978577283016,500,12000,1500,0
41.4776691809155,600,12000,1500,0
41.9289074302758,700,12000,1500,0
41.807183886457,800,12000,1500,0
41.2724805951343,900,12000,1500,0
41.2025552433977,1000,12000,1500,0
42.6558451889425,0,13000,1500,0
42.6177730961435,100,13000,1500,0
42.3093660363386,200,13000,1500,0
42.1092862065985,300,13000,1500,0
42.3824243801565,400,13000,1500,0
42.2112531665111,500,13000,1500,0
41.3758944863903,600,13000,1500,0
41.3604659359191,700,13000,1500,0
41.6080724450574,800,13000,1500,0
41.6889756171977,900,13000,1500,0
41.0794327203915,1000,13000,1500,0
42.8760446457689,0,14000,1500,0
42.2679789404507,100,14000,1500,0
42.2326878439685,200,14000,1500,0
42.7074210076839,300,14000,1500,0
41.9445228981235,400,14000,1500,0
41.4624698557088,500,14000,1500,0
41.5177487849057,600,14000,1500,0
42.2020081104591,700,14000,1500,0
41.3438632590469,800,14000,1500,0
41.5090347085754,900,14000,1500,0
41.6105456308494,1000,14000,1500,0
41.6224685006494,0,15000,1500,0
42.8363058861958,100,15000,1500,0
42.1920593289652,200,15000,1500,0
42.2640654324167,300,15000,1500,0
41.8429501273789,400,15000,1500,0
41.5025094350238,500,15000,1500,0
41.7430750885926,600,15000,1500,0
41.7473101695666,700,15000,1500,0
41.8071457809642,800,15000,1500,0
41.8575057111664,900,15000,1500,0
41.7627632749238,1000,15000,1500,0
42.8267977692129,0,16000,1500,0
43.3775318894284,100,16000,1500,0
42.4751009626326,200,16000,1500,0
42.368513800084,300,16000,1500,0
41.8764134813476,400,16000,1500,0
42.8422226039683,500,16000,1500,0
42.1280016895901,600,16000,1500,0
41.2440597605922,700,16000,1500,0
41.5179931152021,800,16000,1500,0
42.0372915358699,900,16000,1500,0
41.2940373181258,1000,16000,1500,0
43.3568917101585,0,17000,1500,0
43.4161617238257,100,17000,1500,0
42.3985056387882,200,17000,1500,0
42.6630751875443,300,17000,1500,0
42.5620420061559,400,17000,1500,0
42.5649775925143,500,17000,1500,0
42.4977768253353,600,17000,1500,0
41.9533877997297,700,17000,1500,0
41.4945630204914,800,17000,1500,0
41.0355204254727,900,17000,1500,0
41.5160765833762,1000,17000,1500,0
43.88045264714,0,18000,1500,0
43.6461072585008,100,18000,1500,0
42.8980811869747,200,18000,1500,0
41.8490006866068,300,18000,1500,0
41.7329579231575,400,18000,1500,0
42.157319450601,500,18000,1500,0
42.2119944840961,600,18000,1500,0
41.232180658015,700,18000,1500,0
41.7667319211056,800,18000,1500,0
41.53128974413,900,18000,1500,0
41.2063257000382,1000,18000,1500,0
44.2035386716931,0,19000,1500,0
43.7117999090611,100,19000,1500,0
43.8246829965007,200,19000,1500,0
43.6153366774003,300,19000,1500,0
42.4891364179309,400,19000,1500,0
41.9682076615034,500,19000,1500,0
42.4855886597122,600,19000,1500,0
41.3864725238605,700,19000,1500,0
41.5384164253179,800,19000,1500,0
41.3112759377443,900,19000,1500,0
41.1776921826746,1000,19000,1500,0
44.9383151953397,0,20000,1500,0
44.060673599158,100,20000,1500,0
43.0679926394286,200,20000,1500,0
42.9405788506032,300,20000,1500,0
42.6413727952241,400,20000,1500,0
42.1563914854027,500,20000,1500,0
41.5593503078508,600,20000,1500,0
42.0220846895841,700,20000,1500,0
42.3798144046784,800,20000,1500,0
41.3115369511547,900,20000,1500,0
41.5773359093519,1000,20000,1500,0
45.6298620187949,0,21000,1500,0
44.8366851732221,100,21000,1500,0
44.6670687787695,200,21000,1500,0
43.6737941752745,300,21000,1500,0
42.9843837415892,400,21000,1500,0
42.7830613759017,500,21000,1500,0
42.7741599348017,600,21000,1500,0
42.1732761211701,700,21000,1500,0
41.8004782254999,800,21000,1500,0
41.7198115827851,900,21000,1500,0
41.1478364789173,1000,21000,1500,0
45.8319751994714,0,22000,1500,0
45.4394340193992,100,22000,1500,0
44.1109405227731,200,22000,1500,0
44.1611833444996,300,22000,1500,0
43.4838230362026,400,22000,1500,0
42.9004081324293,500,22000,1500,0
42.5329283888581,600,22000,1500,0
42.2724928554034,700,22000,1500,0
42.3668634812118,800,22000,1500,0
42.065970590834,900,22000,1500,0
41.9252716421043,1000,22000,1500,0
45.5802763333594,0,23000,1500,0
44.2655674943862,100,23000,1500,0
44.0233332169663,200,23000,1500,0
43.4646049378896,300,23000,1500,0
43.443005285726,400,23000,1500,0
43.4842758746352,500,23000,1500,0
42.5117273625881,600,23000,1500,0
43.0416766657617,700,23000,1500,0
42.0865465409705,800,23000,1500,0
40.7799062868753,900,23000,1500,0
41.5091387125834,1000,23000,1500,0
46.6217556954268,0,24000,1500,0
45.9967254435132,100,24000,1500,0
44.3112718055701,200,24000,1500,0
44.3290534873576,300,24000,1500,0
43.7633996934483,400,24000,1500,0
43.1727454174326,500,24000,1500,0
42.5555560989705,600,24000,1500,0
42.1854576800658,700,24000,1500,0
42.7121846678386,800,24000,1500,0
42.3250201696669,900,24000,1500,0
41.8925001770118,1000,24000,1500,0
46.2210764120335,0,25000,1500,0
45.877177339178,100,25000,1500,0
44.0190844949598,200,25000,1500,0
44.1809670036492,300,25000,1500,0
43.4870079874577,400,25000,1500,0
42.5876021186867,500,25000,1500,0
42.9627987781893,600,25000,1500,0
42.7450859619434,700,25000,1500,0
41.9965948474671,800,25000,1500,0
42.0885601490368,900,25000,1500,0
41.8784232633732,1000,25000,1500,0
42.2406971485783,0,10000,1750,0
41.9035816428767,100,10000,1750,0
41.382324030954,200,10000,1750,0
41.3090795886392,300,10000,1750,0
40.9527539235919,400,10000,1750,0
41.4040822704532,500,10000,1750,0
41.455523473013,600,10000,1750,0
41.9277104799242,700,10000,1750,0
41.5229567753957,800,10000,1750,0
40.938280461809,900,10000,1750,0
41.2549476972245,1000,10000,1750,0
42.1570933533727,0,11000,1750,0
42.2593632960823,100,11000,1750,0
42.5578745418506,200,11000,1750,0
42.1199328479858,300,11000,1750,0
41.8201025729576,400,11000,1750,0
41.7901666666157,500,11000,1750,0
41.9692407869825,600,11000,1750,0
41.6264378356084,700,11000,1750,0
41.4517447616829,800,11000,1750,0
41.0472879748745,900,11000,1750,0
40.9496622662305,1000,11000,1750,0
41.9278373312207,0,12000,1750,0
42.8382428260052,100,12000,1750,0
42.4582089034661,200,12000,1750,0
41.8682319658578,300,12000,1750,0
42.1441463414404,400,12000,1750,0
41.9168462878088,500,12000,1750,0
41.680608003336,600,12000,1750,0
41.1883770224008,700,12000,1750,0
41.658986125718,800,12000,1750,0
41.4527786465851,900,12000,1750,0
40.9078434759029,1000,12000,1750,0
41.4902802544431,0,13000,1750,0
42.714426943733,100,13000,1750,0
42.5282490690644,200,13000,1750,0
42.1289905489702,300,13000,1750,0
42.1595772101009,400,13000,1750,0
42.2052507749192,500,13000,1750,0
41.1365737456782,600,13000,1750,0
41.2827162601664,700,13000,1750,0
41.7150629143993,800,13000,1750,0
41.2192316204316,900,13000,1750,0
41.2920300883536,1000,13000,1750,0
43.1651091283861,0,14000,1750,0
43.2398414669133,100,14000,1750,0
41.6807131731343,200,14000,1750,0
42.6696189266568,300,14000,1750,0
42.0455577301755,400,14000,1750,0
41.3736682909859,500,14000,1750,0
41.1166795752266,600,14000,1750,0
42.0922134544589,700,14000,1750,0
41.591516129496,800,14000,1750,0
41.8972557813249,900,14000,1750,0
40.9423820668939,1000,14000,1750,0
42.0498674341142,0,15000,1750,0
43.0413640204966,100,15000,1750,0
42.023197765421,200,15000,1750,0
41.6903367212303,300,15000,1750,0
41.9081864312647,400,15000,1750,0
42.2915820712314,500,15000,1750,0
41.5797897990611,600,15000,1750,0
41.8887051873625,700,15000,1750,0
41.9077987653591,800,15000,1750,0
41.1812627088597,900,15000,1750,0
41.631458316896,1000,15000,1750,0
43.3454960446802,0,16000,1750,0
42.5707651935606,100,16000,1750,0
42.9602039453636,200,16000,1750,0
41.2742303399844,300,16000,1750,0
42.3175859895423,400,16000,1750,0
42.1202257440188,500,16000,1750,0
42.1239134356361,600,16000,1750,0
41.1586469335149,700,16000,1750,0
41.6352985908663,800,16000,1750,0
41.5331449191637,900,16000,1750,0
41.3373760777719,1000,16000,1750,0
42.7904717134727,0,17000,1750,0
42.9814028666833,100,17000,1750,0
43.2804287701845,200,17000,1750,0
43.0987232968399,300,17000,1750,0
43.0185496878941,400,17000,1750,0
42.6309225910144,500,17000,1750,0
42.0472201693643,600,17000,1750,0
42.2823998561969,700,17000,1750,0
41.7793032367781,800,17000,1750,0
42.3167257165907,900,17000,1750,0
41.7492827114234,1000,17000,1750,0
43.8775439392814,0,18000,1750,0
43.4007413186729,100,18000,1750,0
43.418115996602,200,18000,1750,0
42.2866824524956,300,18000,1750,0
42.2947988154574,400,18000,1750,0
41.1345299695642,500,18000,1750,0
42.335594897257,600,18000,1750,0
42.4084859104809,700,18000,1750,0
41.4644556409,800,18000,1750,0
41.2889577709254,900,18000,1750,0
41.8578420624499,1000,18000,1750,0
43.2909249662761,0,19000,1750,0
43.6644576331666,100,19000,1750,0
42.9436765582431,200,19000,1750,0
43.6226464589649,300,19000,1750,0
42.5469687672658,400,19000,1750,0
42.3182548264538,500,19000,1750,0
42.4938817613194,600,19000,1750,0
41.9598844324809,700,19000,1750,0
41.6485351983534,800,19000,1750,0
41.637391621321,900,19000,1750,0
41.2531142820144,1000,19000,1750,0
44.505009773993,0,20000,1750,0
43.863869053161,100,20000,1750,0
44.5502518973876,200,20000,1750,0
42.911837353334,300,20000,1750,0
43.3795210601249,400,20000,1750,0
42.517387824106,500,20000,1750,0
42.7461933183353,600,20000,1750,0
42.2160954971062,700,20000,1750,0
41.6026907119694,800,20000,1750,0
42.011563293601,900,20000,1750,0
42.3464268944465,1000,20000,1750,0
44.780133956577,0,21000,1750,0
44.9052517697449,100,21000,1750,0
43.3331801301524,200,21000,1750,0
43.6600095769351,300,21000,1750,0
43.4394518817382,400,21000,1750,0
43.3613682155856,500,21000,1750,0
41.7372498711926,600,21000,1750,0
42.3598383623024,700,21000,1750,0
41.9724791351201,800,21000,1750,0
42.028341174825,900,21000,1750,0
41.8677556837736,1000,21000,1750,0
45.5400257163733,0,22000,1750,0
44.4571360657593,100,22000,1750,0
44.8528461371772,200,22000,1750,0
43.9239789045008,300,22000,1750,0
43.8880100722248,400,22000,1750,0
42.6616126205798,500,22000,1750,0
43.2180809242552,600,22000,1750,0
42.2476334914223,700,22000,1750,0
42.5196939740419,800,22000,1750,0
41.9673627445087,900,22000,1750,0
41.7064819662527,1000,22000,1750,0
45.6416732290343,0,23000,1750,0
44.9878532911171,100,23000,1750,0
43.9699162684546,200,23000,1750,0
43.1644624660145,300,23000,1750,0
42.6546350115531,400,23000,1750,0
43.3110195044158,500,23000,1750,0
42.0371992254751,600,23000,1750,0
42.4069063744692,700,23000,1750,0
42.565732158143,800,23000,1750,0
42.3928549831468,900,23000,1750,0
41.8470994872917,1000,23000,1750,0
46.2907229854432,0,24000,1750,0
45.0709970160242,100,24000,1750,0
44.971449014046,200,24000,1750,0
43.971559819881,300,24000,1750,0
43.9797567803156,400,24000,1750,0
43.3371332420366,500,24000,1750,0
42.7483739307365,600,24000,1750,0
42.355665777828,700,24000,1750,0
41.9911179027576,800,24000,1750,0
41.4582691963494,900,24000,1750,0
42.1418018691512,1000,24000,1750,0
46.4485715772278,0,25000,1750,0
45.3420231882528,100,25000,1750,0
45.2212175725244,200,25000,1750,0
44.7228559567973,300,25000,1750,0
43.5827084659286,400,25000,1750,0
43.7161394228921,500,25000,1750,0
42.864982469768,600,25000,1750,0
42.4606385919745,700,25000,1750,0
41.43478665793,800,25000,1750,0
42.1807246295884,900,25000,1750,0
41.5097305957432,1000,25000,1750,0
41.6619240097245,0,10000,2000,0
41.9119991719911,100,10000,2000,0
41.9737901689313,200,10000,2000,0
41.1032487081081,300,10000,2000,0
41.1269506218327,400,10000,2000,0
41.4887764863942,500,10000,2000,0
41.7600829050707,600,10000,2000,0
41.8746511193198,700,10000,2000,0
41.4646122668079,800,10000,2000,0
41.7131232370187,900,10000,2000,0
41.740745242046,1000,10000,2000,0
42.7144425827145,0,11000,2000,0
42.2851615346761,100,11000,2000,0
41.6277420481573,200,11000,2000,0
42.1478887952934,300,11000,2000,0
42.3149284450139,400,11000,2000,0
41.9090926991993,500,11000,2000,0
41.8554549439794,600,11000,2000,0
41.7001991680846,700,11000,2000,0
41.3878884531379,800,11000,2000,0
41.7495181776736,900,11000,2000,0
41.4721694279809,1000,11000,2000,0
41.7543990481573,0,12000,2000,0
42.260219060545,100,12000,2000,0
41.9982531365385,200,12000,2000,0
42.4011931412683,300,12000,2000,0
41.8913613696435,400,12000,2000,0
40.9946773265157,500,12000,2000,0
41.6811345030591,600,12000,2000,0
42.0353044307525,700,12000,2000,0
41.0908713884913,800,12000,2000,0
41.9683584803253,900,12000,2000,0
41.5002784966434,1000,12000,2000,0
42.6505309901593,0,13000,2000,0
42.7570822479874,100,13000,2000,0
42.2948188141313,200,13000,2000,0
42.4962081210415,300,13000,2000,0
42.0459113036328,400,13000,2000,0
41.9017371790117,500,13000,2000,0
41.4297027326924,600,13000,2000,0
41.66394762625,700,13000,2000,0
41.7168965963232,800,13000,2000,0
42.176579329201,900,13000,2000,0
41.9521067693423,1000,13000,2000,0
41.0249908415656,0,14000,2000,0
42.3206758409698,100,14000,2000,0
42.9625794902608,200,14000,2000,0
42.5118256076841,300,14000,2000,0
42.0969807927872,400,14000,2000,0
42.2512743205803,500,14000,2000,0
42.054740744278,600,14000,2000,0
41.8232023150024,700,14000,2000,0
41.482985272711,800,14000,2000,0
42.0095533374957,900,14000,2000,0
41.8167453493642,1000,14000,2000,0
43.346671004377,0,15000,2000,0
42.7501112187693,100,15000,2000,0
41.6971417616498,200,15000,2000,0
42.6300248878469,300,15000,2000,0
42.7555118060732,400,15000,2000,0
42.742965546378,500,15000,2000,0
41.7144666325466,600,15000,2000,0
42.5327263236851,700,15000,2000,0
41.5362029903884,800,15000,2000,0
42.0313143860302,900,15000,2000,0
41.7473345160171,1000,15000,2000,0
42.9148275053572,0,16000,2000,0
42.8725437272483,100,16000,2000,0
42.8487917018802,200,16000,2000,0
42.2016999877509,300,16000,2000,0
41.9744380492536,400,16000,2000,0
41.5162490965955,500,16000,2000,0
42.0425348208609,600,16000,2000,0
42.2437678391009,700,16000,2000,0
41.9604025643959,800,16000,2000,0
42.0653826961792,900,16000,2000,0
41.0226312566489,1000,16000,2000,0
43.4405170397105,0,17000,2000,0
43.0260017728524,100,17000,2000,0
43.8690022094775,200,17000,2000,0
41.6928609997908,300,17000,2000,0
42.1847674616333,400,17000,2000,0
42.092954411731,500,17000,2000,0
42.1316568665947,600,17000,2000,0
42.5816173779362,700,17000,2000,0
41.5754946545927,800,17000,2000,0
42.0478264389072,900,17000,2000,0
41.19608809089,1000,17000,2000,0
43.4132935935395,0,18000,2000,0
42.6191404417126,100,18000,2000,0
43.7615813005801,200,18000,2000,0
43.2912520875827,300,18000,2000,0
42.2909271090215,400,18000,2000,0
42.8603957957441,500,18000,2000,0
42.5872400721777,600,18000,2000,0
42.6437515486152,700,18000,2000,0
41.6094196747876,800,18000,2000,0
41.9817349580337,900,18000,2000,0
41.7211223026664,1000,18000,2000,0
44.2096467394101,0,19000,2000,0
43.8366988698581,100,19000,2000,0
43.4062413562173,200,19000,2000,0
43.1337209916831,300,19000,2000,0
43.3061261401668,400,19000,2000,0
42.7473094719774,500,19000,2000,0
42.2576965688117,600,19000,2000,0
42.8565465352816,700,19000,2000,0
42.6154199008203,800,19000,2000,0
41.6786623998642,900,19000,2000,0
41.7775065325394,1000,19000,2000,0
44.0903038030181,0,20000,2000,0
44.221849282312,100,20000,2000,0
43.4284687553135,200,20000,2000,0
43.655579418451,300,20000,2000,0
42.6169810840527,400,20000,2000,0
42.5911256724532,500,20000,2000,0
42.1883537398238,600,20000,2000,0
43.5805936076351,700,20000,2000,0
42.7646975425914,800,20000,2000,0
42.0406108498033,900,20000,2000,0
41.6448324634309,1000,20000,2000,0
43.346681461641,0,21000,2000,0
45.1104548155557,100,21000,2000,0
43.8604966008522,200,21000,2000,0
43.4232842941452,300,21000,2000,0
43.4244853785459,400,21000,2000,0
42.9578800612347,500,21000,2000,0
43.4802393862391,600,21000,2000,0
42.6704944814125,700,21000,2000,0
42.3619819060415,800,21000,2000,0
42.4261459667815,900,21000,2000,0
42.330968911935,1000,21000,2000,0
44.8947621368949,0,22000,2000,0
44.6954903315825,100,22000,2000,0
44.3574095614337,200,22000,2000,0
43.2847340870402,300,22000,2000,0
44.4780934423735,400,22000,2000,0
43.9085160128669,500,22000,2000,0
42.8965124664747,600,22000,2000,0
42.7917680789123,700,22000,2000,0
42.5581371129031,800,22000,2000,0
42.7910846471923,900,22000,2000,0
42.1305935223755,1000,22000,2000,0
46.2470876713711,0,23000,2000,0
44.8613924625995,100,23000,2000,0
44.5707480042315,200,23000,2000,0
44.3524683532217,300,23000,2000,0
44.1250882116532,400,23000,2000,0
43.0109775810496,500,23000,2000,0
43.9432909852167,600,23000,2000,0
42.8020426508928,700,23000,2000,0
41.9276955755965,800,23000,2000,0
42.3643103624199,900,23000,2000,0
41.7810931031331,1000,23000,2000,0
46.4621314584032,0,24000,2000,0
45.396929828467,100,24000,2000,0
44.4617623539557,200,24000,2000,0
44.214688868234,300,24000,2000,0
43.8504450311532,400,24000,2000,0
43.5571273761798,500,24000,2000,0
43.9581328808719,600,24000,2000,0
42.2438265853969,700,24000,2000,0
42.8566366111394,800,24000,2000,0
42.1442612669775,900,24000,2000,0
41.4946657153671,1000,24000,2000,0
47.0506830286509,0,25000,2000,0
46.0635784339454,100,25000,2000,0
45.3700679193098,200,25000,2000,0
45.388747430844,300,25000,2000,0
44.4398491779462,400,25000,2000,0
44.2680081775299,500,25000,2000,0
43.2413663089407,600,25000,2000,0
42.9999792292336,700,25000,2000,0
42.89339586801,800,25000,2000,0
42.6578986357172,900,25000,2000,0
42.8577563506514,1000,25000,2000,0
42.0616674576072,0,10000,2250,0
41.8735705034724,100,10000,2250,0
41.7882980415217,200,10000,2250,0
41.9838193345835,300,10000,2250,0
41.8182565667127,400,10000,2250,0
41.583962617971,500,10000,2250,0
41.590900138342,600,10000,2250,0
41.2745119819939,700,10000,2250,0
41.0688486431591,800,10000,2250,0
41.5940252710525,900,10000,2250,0
41.6375458837588,1000,10000,2250,0
42.825829114444,0,11000,2250,0
41.7531649765242,100,11000,2250,0
42.2619628368196,200,11000,2250,0
41.5266374729776,300,11000,2250,0
42.3918116259841,400,11000,2250,0
42.2661332566981,500,11000,2250,0
41.7688426146257,600,11000,2250,0
41.6385915631414,700,11000,2250,0
42.1859714349332,800,11000,2250,0
41.7199318937884,900,11000,2250,0
41.5744665252662,1000,11000,2250,0
42.2777965559055,0,12000,2250,0
42.2205757456118,100,12000,2250,0
42.3256267102786,200,12000,2250,0
41.6321317975761,300,12000,2250,0
41.6283160254722,400,12000,2250,0
42.2253525946436,500,12000,2250,0
41.5638919989905,600,12000,2250,0
42.1533591306586,700,12000,2250,0
41.6662122443046,800,12000,2250,0
41.1744253808072,900,12000,2250,0
41.9622245180085,1000,12000,2250,0
42.5652508715441,0,13000,2250,0
41.5969307211495,100,13000,2250,0
42.439571002188,200,13000,2250,0
42.3149554430426,300,13000,2250,0
41.3368145006563,400,13000,2250,0
42.3653488948602,500,13000,2250,0
41.8309579609532,600,13000,2250,0
41.5919458632647,700,13000,2250,0
42.1569483514443,800,13000,2250,0
41.4123456563085,900,13000,2250,0
40.9645585761516,1000,13000,2250,0
43.1188420381194,0,14000,2250,0
41.7131925865917,100,14000,2250,0
42.3668726218717,200,14000,2250,0
42.0141940264874,300,14000,2250,0
41.9658334117757,400,14000,2250,0
42.0625105662896,500,14000,2250,0
41.9252706009679,600,14000,2250,0
41.8981229093841,700,14000,2250,0
41.3413112763103,800,14000,2250,0
42.0283156070498,900,14000,2250,0
41.8357166212185,1000,14000,2250,0
42.6450902490854,0,15000,2250,0
42.4511900776814,100,15000,2250,0
43.1882134727053,200,15000,2250,0
42.5335623516216,300,15000,2250,0
42.0963704469855,400,15000,2250,0
42.2028656795548,500,15000,2250,0
41.6181047489022,600,15000,2250,0
42.1895174244421,700,15000,2250,0
41.3310916907212,800,15000,2250,0
40.915277670987,900,15000,2250,0
41.3290816207872,1000,15000,2250,0
43.0595710782835,0,16000,2250,0
43.3192873867942,100,16000,2250,0
43.0276791025959,200,16000,2250,0
42.1707573510024,300,16000,2250,0
43.1531838777048,400,16000,2250,0
42.2774818537784,500,16000,2250,0
42.6617189455961,600,16000,2250,0
42.4830815085605,700,16000,2250,0
40.9684550288206,800,16000,2250,0
42.0105305279291,900,16000,2250,0
41.6197482925325,1000,16000,2250,0
43.9765109510884,0,17000,2250,0
43.0987840922911,100,17000,2250,0
43.1978253656315,200,17000,2250,0
42.1215806233807,300,17000,2250,0
42.3542919454199,400,17000,2250,0
42.4135643594212,500,17000,2250,0
42.3357793094948,600,17000,2250,0
42.3396503254769,700,17000,2250,0
41.2506799139275,800,17000,2250,0
41.6872712123514,900,17000,2250,0
41.7020077544461,1000,17000,2250,0
43.7821679797809,0,18000,2250,0
43.7247566336821,100,18000,2250,0
43.8898898088221,200,18000,2250,0
41.3170098126011,300,18000,2250,0
43.1924354754266,400,18000,2250,0
42.7770454426512,500,18000,2250,0
42.4429932264588,600,18000,2250,0
42.434146124447,700,18000,2250,0
41.6622738560612,800,18000,2250,0
42.0026987171501,900,18000,2250,0
41.1350617945224,1000,18000,2250,0
44.763231957246,0,19000,2250,0
44.5242739600901,100,19000,2250,0
43.29393133077,200,19000,2250,0
44.4071236002129,300,19000,2250,0
42.9090309475983,400,19000,2250,0
43.3325933730954,500,19000,2250,0
43.0859228332404,600,19000,2250,0
41.7380871144896,700,19000,2250,0
42.3103893073771,800,19000,2250,0
42.0753334945031,900,19000,2250,0
41.6005652285238,1000,19000,2250,0
44.6132557777201,0,20000,2250,0
43.8642608526435,100,20000,2250,0
43.7629410590997,200,20000,2250,0
44.4026907284747,300,20000,2250,0
43.3484666756606,400,20000,2250,0
43.4816055796275,500,20000,2250,0
42.8600942507113,600,20000,2250,0
41.9246906338875,700,20000,2250,0
43.1396232490713,800,20000,2250,0
42.3901883967222,900,20000,2250,0
42.5532459351223,1000,20000,2250,0
43.9070270795443,0,21000,2250,0
44.9895494809647,100,21000,2250,0
44.6274491832153,200,21000,2250,0
44.1048391955305,300,21000,2250,0
43.8483417609963,400,21000,2250,0
42.8537187284157,500,21000,2250,0
42.7575077969712,600,21000,2250,0
42.8200910165678,700,21000,2250,0
42.6391850354924,800,21000,2250,0
42.8543348898247,900,21000,2250,0
42.0825795835409,1000,21000,2250,0
43.5300008325463,0,22000,2250,0
43.9659549749638,100,22000,2250,0
43.1956640756844,200,22000,2250,0
43.5591586325685,300,22000,2250,0
43.7324287544547,400,22000,2250,0
43.0689141336935,500,22000,2250,0
43.2518363351477,600,22000,2250,0
42.7490171810004,700,22000,2250,0
42.7308300678423,800,22000,2250,0
42.4386906540294,900,22000,2250,0
41.7181638077897,1000,22000,2250,0
46.4884895877271,0,23000,2250,0
45.4451374598806,100,23000,2250,0
45.2379338274754,200,23000,2250,0
44.5051643571327,300,23000,2250,0
44.0806664317892,400,23000,2250,0
44.3403336525772,500,23000,2250,0
43.2430942598332,600,23000,2250,0
43.5563855998444,700,23000,2250,0
43.3765467546131,800,23000,2250,0
42.6642317301599,900,23000,2250,0
42.1465335396556,1000,23000,2250,0
46.7557100492826,0,24000,2250,0
44.98507839811,100,24000,2250,0
45.3410223415317,200,24000,2250,0
43.4523799934111,300,24000,2250,0
44.3649192899905,400,24000,2250,0
44.5149094083523,500,24000,2250,0
42.2724734780821,600,24000,2250,0
42.624270107362,700,24000,2250,0
43.2942064836536,800,24000,2250,0
42.443042330097,900,24000,2250,0
42.9826715077493,1000,24000,2250,0
45.4755394788165,0,25000,2250,0
46.2803667075147,100,25000,2250,0
45.7680795079427,200,25000,2250,0
44.4032801566838,300,25000,2250,0
44.416338239148,400,25000,2250,0
43.7518589731337,500,25000,2250,0
43.7773155119258,600,25000,2250,0
43.1715539347998,700,25000,2250,0
42.5933052030358,800,25000,2250,0
42.8930177431908,900,25000,2250,0
42.368118273081,1000,25000,2250,0
42.1616377185591,0,10000,2500,0
42.2584185137267,100,10000,2500,0
42.1434334587574,200,10000,2500,0
41.5136190749298,300,10000,2500,0
41.8734226023042,400,10000,2500,0
41.3581284306292,500,10000,2500,0
41.6647602816988,600,10000,2500,0
41.8433219894457,700,10000,2500,0
42.001630945273,800,10000,2500,0
41.7731155784624,900,10000,2500,0
41.6913229830568,1000,10000,2500,0
42.3271717754976,0,11000,2500,0
42.0534481036099,100,11000,2500,0
41.2109631934099,200,11000,2500,0
41.8121308634785,300,11000,2500,0
40.8821805959621,400,11000,2500,0
42.4397325243178,500,11000,2500,0
40.6328554427476,600,11000,2500,0
41.7285942111981,700,11000,2500,0
41.5056562042119,800,11000,2500,0
41.7843018013091,900,11000,2500,0
41.463507643523,1000,11000,2500,0
42.4940374218078,0,12000,2500,0
41.9818185773777,100,12000,2500,0
42.826858327136,200,12000,2500,0
42.1095065609408,300,12000,2500,0
41.412735732566,400,12000,2500,0
41.7176150865435,500,12000,2500,0
41.9260341299533,600,12000,2500,0
41.5724711482491,700,12000,2500,0
41.406661741566,800,12000,2500,0
41.5491111360901,900,12000,2500,0
41.8570843084634,1000,12000,2500,0
42.4414761221164,0,13000,2500,0
42.835030228231,100,13000,2500,0
42.7025495700084,200,13000,2500,0
42.5819914571131,300,13000,2500,0
41.4645373932227,400,13000,2500,0
42.6193954981703,500,13000,2500,0
41.7281916328052,600,13000,2500,0
42.117692543219,700,13000,2500,0
42.0033940169007,800,13000,2500,0
41.9944787223367,900,13000,2500,0
41.7107881409262,1000,13000,2500,0
43.2685707685529,0,14000,2500,0
42.2524581607724,100,14000,2500,0
43.1290088993096,200,14000,2500,0
42.394959183716,300,14000,2500,0
42.8270665217006,400,14000,2500,0
42.5576788451991,500,14000,2500,0
42.2773109844821,600,14000,2500,0
42.3299422679641,700,14000,2500,0
41.673406883661,800,14000,2500,0
42.2692124568811,900,14000,2500,0
41.1057966136379,1000,14000,2500,0
43.1924836704621,0,15000,2500,0
42.8734738647451,100,15000,2500,0
43.1857205603303,200,15000,2500,0
42.4328318275504,300,15000,2500,0
42.3340001337889,400,15000,2500,0
41.7116889866556,500,15000,2500,0
42.1023843601887,600,15000,2500,0
41.7075272648004,700,15000,2500,0
42.3423367229564,800,15000,2500,0
41.9129544159781,900,15000,2500,0
42.033358750763,1000,15000,2500,0
43.5601215643324,0,16000,2500,0
43.2575388850173,100,16000,2500,0
43.1671070567782,200,16000,2500,0
43.4361875467937,300,16000,2500,0
42.3844638478511,400,16000,2500,0
42.4438014856452,500,16000,2500,0
42.2694998326231,600,16000,2500,0
42.1742779152879,700,16000,2500,0
41.7855664790222,800,16000,2500,0
41.8867987487962,900,16000,2500,0
42.0124571845783,1000,16000,2500,0
43.8650527364647,0,17000,2500,0
42.7117125340401,100,17000,2500,0
43.0090447118476,200,17000,2500,0
43.4230194441738,300,17000,2500,0
43.0437148146259,400,17000,2500,0
41.7516942032388,500,17000,2500,0
42.7623891857083,600,17000,2500,0
42.2022736509518,700,17000,2500,0
42.501470622548,800,17000,2500,0
41.5420377300181,900,17000,2500,0
42.1028386771088,1000,17000,2500,0
43.3250935614963,0,18000,2500,0
43.2490299912027,100,18000,2500,0
42.8928758738578,200,18000,2500,0
43.2887789066775,300,18000,2500,0
42.9045950930797,400,18000,2500,0
42.9002602786993,500,18000,2500,0
43.299455911097,600,18000,2500,0
41.1973626097628,700,18000,2500,0
42.6739333240809,800,18000,2500,0
42.0068905404699,900,18000,2500,0
41.3653192148874,1000,18000,2500,0
43.8883051658994,0,19000,2500,0
44.2428098672202,100,19000,2500,0
43.8978185331254,200,19000,2500,0
43.4523091927382,300,19000,2500,0
43.1731734084937,400,19000,2500,0
42.0958308861302,500,19000,2500,0
43.0748593523679,600,19000,2500,0
43.1178588034968,700,19000,2500,0
42.0989437351621,800,19000,2500,0
41.5283559771943,900,19000,2500,0
42.7002349075558,1000,19000,2500,0
44.7471440236167,0,20000,2500,0
43.856790676382,100,20000,2500,0
43.7414276502607,200,20000,2500,0
43.8272415858575,300,20000,2500,0
43.8984971670252,400,20000,2500,0
43.0734217400492,500,20000,2500,0
43.5837890829544,600,20000,2500,0
42.7089698185901,700,20000,2500,0
42.806210316503,800,20000,2500,0
42.015300974761,900,20000,2500,0
42.0840548701342,1000,20000,2500,0
45.2766270704171,0,21000,2500,0
43.9618629695337,100,21000,2500,0
43.2779936221701,200,21000,2500,0
43.8415757742163,300,21000,2500,0
43.6039251828951,400,21000,2500,0
43.1045607875441,500,21000,2500,0
43.2044586985269,600,21000,2500,0
43.5034528043684,700,21000,2500,0
43.2400674955079,800,21000,2500,0
42.4697828505607,900,21000,2500,0
42.4969219894426,1000,21000,2500,0
45.4791125602335,0,22000,2500,0
44.8989729145242,100,22000,2500,0
43.5180219385236,200,22000,2500,0
44.5125423558087,300,22000,2500,0
43.8924817722046,400,22000,2500,0
43.9770125729803,500,22000,2500,0
43.11317050089,600,22000,2500,0
42.0693069339142,700,22000,2500,0
43.0552072148419,800,22000,2500,0
43.00328288851,900,22000,2500,0
42.2683315577544,1000,22000,2500,0
45.737715927891,0,23000,2500,0
45.0606105488277,100,23000,2500,0
45.8351397338827,200,23000,2500,0
45.036148461793,300,23000,2500,0
44.9647444916442,400,23000,2500,0
44.7318454202442,500,23000,2500,0
43.8162780883813,600,23000,2500,0
43.0151829708702,700,23000,2500,0
42.5685696169709,800,23000,2500,0
42.4581966760168,900,23000,2500,0
42.1749538412828,1000,23000,2500,0
45.4991069861265,0,24000,2500,0
45.4013702522879,100,24000,2500,0
44.703852706656,200,24000,2500,0
44.7701661493393,300,24000,2500,0
45.1728687578123,400,24000,2500,0
44.1659432212364,500,24000,2500,0
42.5457486882803,600,24000,2500,0
43.8390792559342,700,24000,2500,0
43.2445352402241,800,24000,2500,0
43.3193139710056,900,24000,2500,0
42.7824332837876,1000,24000,2500,0
46.802594298406,0,25000,2500,0
45.3244255090811,100,25000,2500,0
45.5162149907803,200,25000,2500,0
44.7226184932729,300,25000,2500,0
44.7235172079276,400,25000,2500,0
44.263526767298,500,25000,2500,0
44.0336310941911,600,25000,2500,0
43.9201729623765,700,25000,2500,0
43.5928950651221,800,25000,2500,0
43.1028643368181,900,25000,2500,0
42.9747438684141,1000,25000,2500,0
41.6262702568907,0,10000,1250,1
41.6897970731928,100,10000,1250,1
41.0296334433297,200,10000,1250,1
40.9185175299002,300,10000,1250,1
41.2224108586183,400,10000,1250,1
41.7665521331046,500,10000,1250,1
41.3462210966305,600,10000,1250,1
41.3930512405354,700,10000,1250,1
41.6066534244834,800,10000,1250,1
41.3413177495749,900,10000,1250,1
41.082640183124,1000,10000,1250,1
42.1629404363947,0,11000,1250,1
41.6415456727801,100,11000,1250,1
41.4812783767885,200,11000,1250,1
41.3386915718487,300,11000,1250,1
41.7911788211639,400,11000,1250,1
41.0020010835251,500,11000,1250,1
40.8492409281622,600,11000,1250,1
41.2040927146402,700,11000,1250,1
40.7556605067984,800,11000,1250,1
41.4077344963279,900,11000,1250,1
41.6371292027396,1000,11000,1250,1
41.6732534072122,0,12000,1250,1
41.767699553883,100,12000,1250,1
40.992927584288,200,12000,1250,1
41.8393539916261,300,12000,1250,1
41.2127531126551,400,12000,1250,1
41.439897284126,500,12000,1250,1
41.1186381616029,600,12000,1250,1
41.5571635865823,700,12000,1250,1
41.6770322989889,800,12000,1250,1
41.3790027221256,900,12000,1250,1
41.3323792036459,1000,12000,1250,1
41.5982294993126,0,13000,1250,1
40.7020413047723,100,13000,1250,1
42.3715359849629,200,13000,1250,1
41.828658753048,300,13000,1250,1
41.6142199996768,400,13000,1250,1
40.5970787903614,500,13000,1250,1
41.5340521659358,600,13000,1250,1
41.3793618035682,700,13000,1250,1
41.4048381565299,800,13000,1250,1
41.0851625337314,900,13000,1250,1
41.165010284354,1000,13000,1250,1
40.660964725868,0,14000,1250,1
41.6886182975006,100,14000,1250,1
41.9928909013685,200,14000,1250,1
42.0037277188905,300,14000,1250,1
42.0054350541065,400,14000,1250,1
41.8261212818676,500,14000,1250,1
41.5325766326715,600,14000,1250,1
41.5584697331029,700,14000,1250,1
41.5317231687074,800,14000,1250,1
41.4361510783461,900,14000,1250,1
40.8049520686672,1000,14000,1250,1
42.3220720169192,0,15000,1250,1
41.8847578128235,100,15000,1250,1
42.0600633067264,200,15000,1250,1
41.2233252751711,300,15000,1250,1
41.9120716071803,400,15000,1250,1
41.5593019141503,500,15000,1250,1
41.42032118274,600,15000,1250,1
41.6175373159235,700,15000,1250,1
41.5512192930275,800,15000,1250,1
40.8365458225565,900,15000,1250,1
41.2394895854297,1000,15000,1250,1
42.2648436055028,0,16000,1250,1
42.4948453953948,100,16000,1250,1
41.1766077161798,200,16000,1250,1
41.4280543634588,300,16000,1250,1
41.4079409907001,400,16000,1250,1
41.7380270397841,500,16000,1250,1
41.7394507349877,600,16000,1250,1
41.5414879041644,700,16000,1250,1
41.2846075839026,800,16000,1250,1
41.6407014139333,900,16000,1250,1
40.9550640196177,1000,16000,1250,1
42.5385681003095,0,17000,1250,1
42.5160183960143,100,17000,1250,1
42.0346810657843,200,17000,1250,1
42.3809326784696,300,17000,1250,1
42.0762594794791,400,17000,1250,1
41.6796856315603,500,17000,1250,1
42.0081028191577,600,17000,1250,1
41.27854175822,700,17000,1250,1
41.7989738550666,800,17000,1250,1
41.2082467764691,900,17000,1250,1
41.4297954977432,1000,17000,1250,1
41.8515278226592,0,18000,1250,1
42.3857572535108,100,18000,1250,1
41.1872637614572,200,18000,1250,1
42.3769497507913,300,18000,1250,1
41.4790508105128,400,18000,1250,1
41.9071137459741,500,18000,1250,1
41.3225899117207,600,18000,1250,1
41.4917686271015,700,18000,1250,1
41.6937675290896,800,18000,1250,1
41.2439339749479,900,18000,1250,1
41.3742433893024,1000,18000,1250,1
42.9365545835231,0,19000,1250,1
42.8390274375273,100,19000,1250,1
42.2719063733712,200,19000,1250,1
42.4690282533832,300,19000,1250,1
41.8376275055835,400,19000,1250,1
41.559249847665,500,19000,1250,1
41.6525407021151,600,19000,1250,1
41.1030755536031,700,19000,1250,1
40.9835062917742,800,19000,1250,1
41.4622397964362,900,19000,1250,1
40.9734313948841,1000,19000,1250,1
43.4039814192204,0,20000,1250,1
43.1057959022116,100,20000,1250,1
42.2769210762147,200,20000,1250,1
42.3452151267307,300,20000,1250,1
42.0522820784473,400,20000,1250,1
42.1416131730406,500,20000,1250,1
41.3875564055153,600,20000,1250,1
40.6241039372598,700,20000,1250,1
41.3591141217772,800,20000,1250,1
40.9876654337356,900,20000,1250,1
41.5221680186815,1000,20000,1250,1
42.8356036870695,0,21000,1250,1
42.3778347957858,100,21000,1250,1
42.8276846871238,200,21000,1250,1
42.6887894334052,300,21000,1250,1
41.3482693157238,400,21000,1250,1
41.5510087193372,500,21000,1250,1
41.4266516039736,600,21000,1250,1
41.6748268887238,700,21000,1250,1
41.7150497515273,800,21000,1250,1
41.1398100122994,900,21000,1250,1
41.1009119316714,1000,21000,1250,1
42.8025749331797,0,22000,1250,1
42.29801149712,100,22000,1250,1
43.1630654241029,200,22000,1250,1
42.5080038263781,300,22000,1250,1
42.5971951277473,400,22000,1250,1
41.8740244894279,500,22000,1250,1
41.4861243155675,600,22000,1250,1
41.6687466268956,700,22000,1250,1
41.2883583905194,800,22000,1250,1
40.8672011444602,900,22000,1250,1
40.8154588147171,1000,22000,1250,1
43.0487842112561,0,23000,1250,1
42.6445403507298,100,23000,1250,1
42.2752251501527,200,23000,1250,1
42.900093767883,300,23000,1250,1
42.1744523135321,400,23000,1250,1
41.9647400929121,500,23000,1250,1
41.4059693525469,600,23000,1250,1
41.5952020509423,700,23000,1250,1
41.7271183077124,800,23000,1250,1
41.6407788413657,900,23000,1250,1
41.2922536072859,1000,23000,1250,1
43.1992528432402,0,24000,1250,1
43.2220221181644,100,24000,1250,1
42.483124582512,200,24000,1250,1
42.5995422047394,300,24000,1250,1
42.5885683298407,400,24000,1250,1
41.966858173212,500,24000,1250,1
41.6057161047327,600,24000,1250,1
41.401164355463,700,24000,1250,1
41.6299385598451,800,24000,1250,1
40.9133067990684,900,24000,1250,1
41.1724682356441,1000,24000,1250,1
43.4402151721821,0,25000,1250,1
43.0729364805493,100,25000,1250,1
43.4421012545359,200,25000,1250,1
43.1317861292521,300,25000,1250,1
42.0869947449616,400,25000,1250,1
42.0250080940898,500,25000,1250,1
41.8286701989828,600,25000,1250,1
41.8936281246869,700,25000,1250,1
41.7632205699439,800,25000,1250,1
41.2136431372988,900,25000,1250,1
41.1021835746481,1000,25000,1250,1
41.5314510781384,0,10000,1500,1
41.670136276194,100,10000,1500,1
41.7094172292918,200,10000,1500,1
41.3151163343363,300,10000,1500,1
40.9157802961098,400,10000,1500,1
40.9272077724068,500,10000,1500,1
41.5848179252411,600,10000,1500,1
41.193393790492,700,10000,1500,1
41.3146296915273,800,10000,1500,1
41.6735617735342,900,10000,1500,1
41.2519807076639,1000,10000,1500,1
42.0177132708395,0,11000,1500,1
42.0697539755066,100,11000,1500,1
41.6733448964677,200,11000,1500,1
41.5370895607754,300,11000,1500,1
41.2116527943407,400,11000,1500,1
41.6586482080427,500,11000,1500,1
41.5275049917765,600,11000,1500,1
41.3686790913472,700,11000,1500,1
41.1126838823191,800,11000,1500,1
40.6438927670175,900,11000,1500,1
41.4412584366865,1000,11000,1500,1
41.8187017691117,0,12000,1500,1
41.5716452082454,100,12000,1500,1
41.6589340629205,200,12000,1500,1
41.7935859077465,300,12000,1500,1
41.7524991951803,400,12000,1500,1
41.532406677406,500,12000,1500,1
41.0523859234977,600,12000,1500,1
41.4634119994246,700,12000,1500,1
41.5608711133882,800,12000,1500,1
41.5007017394545,900,12000,1500,1
41.7073181019269,1000,12000,1500,1
42.3092103231161,0,13000,1500,1
41.2690022574913,100,13000,1500,1
41.9066400936043,200,13000,1500,1
41.8357350293352,300,13000,1500,1
42.0446872125185,400,13000,1500,1
41.3872234940063,500,13000,1500,1
41.594464341019,600,13000,1500,1
41.4643690007788,700,13000,1500,1
41.5202948242998,800,13000,1500,1
40.9551583627741,900,13000,1500,1
41.5887405450533,1000,13000,1500,1
42.3256717895966,0,14000,1500,1
42.071825959158,100,14000,1500,1
42.2935643892094,200,14000,1500,1
41.6452674527034,300,14000,1500,1
41.8628091613398,400,14000,1500,1
41.5232003522416,500,14000,1500,1
41.5792115741065,600,14000,1500,1
40.8023883646652,700,14000,1500,1
41.1447540811483,800,14000,1500,1
41.4645494448204,900,14000,1500,1
41.5697568568376,1000,14000,1500,1
42.1335476294198,0,15000,1500,1
41.7793582875891,100,15000,1500,1
41.5916757314319,200,15000,1500,1
41.7613185483539,300,15000,1500,1
41.4379838535138,400,15000,1500,1
41.5537639133755,500,15000,1500,1
41.0746921452225,600,15000,1500,1
40.8720054761015,700,15000,1500,1
41.1183076121427,800,15000,1500,1
41.0064824733902,900,15000,1500,1
41.5539933867474,1000,15000,1500,1
42.3303833151012,0,16000,1500,1
42.3211020638664,100,16000,1500,1
41.7675316917001,200,16000,1500,1
41.3597885437862,300,16000,1500,1
41.6681738625704,400,16000,1500,1
41.7509252128201,500,16000,1500,1
41.7946363189753,600,16000,1500,1
41.2739955310947,700,16000,1500,1
41.4870003874101,800,16000,1500,1
41.1126803721239,900,16000,1500,1
40.7753803315499,1000,16000,1500,1
42.3605923801973,0,17000,1500,1
42.3653305483146,100,17000,1500,1
41.6750291594978,200,17000,1500,1
42.0381353665296,300,17000,1500,1
40.9220660246614,400,17000,1500,1
41.9516424530131,500,17000,1500,1
42.1180924070623,600,17000,1500,1
41.7944727275774,700,17000,1500,1
41.6764975715347,800,17000,1500,1
41.481454907426,900,17000,1500,1
41.4277295393974,1000,17000,1500,1
42.4669873473886,0,18000,1500,1
42.5763613137309,100,18000,1500,1
42.0262783291625,200,18000,1500,1
41.7622259568989,300,18000,1500,1
41.7563430573495,400,18000,1500,1
41.4915548198508,500,18000,1500,1
41.9676537663658,600,18000,1500,1
41.7884009952823,700,18000,1500,1
41.2501293285775,800,18000,1500,1
41.5127665497376,900,18000,1500,1
41.1831993741174,1000,18000,1500,1
42.1659977931956,0,19000,1500,1
42.3516004346935,100,19000,1500,1
42.5380033082546,200,19000,1500,1
42.2261892916964,300,19000,1500,1
41.6016168642431,400,19000,1500,1
42.0495763055738,500,19000,1500,1
41.8259423182955,600,19000,1500,1
41.4466674671403,700,19000,1500,1
42.1952060041969,800,19000,1500,1
41.194760459425,900,19000,1500,1
40.1993883510738,1000,19000,1500,1
42.027946178152,0,20000,1500,1
42.4145721245611,100,20000,1500,1
42.3531409781681,200,20000,1500,1
42.4471640911097,300,20000,1500,1
41.3331329423066,400,20000,1500,1
41.3861399459615,500,20000,1500,1
41.9738438222136,600,20000,1500,1
41.2649503456513,700,20000,1500,1
41.6363195317,800,20000,1500,1
41.7332181866832,900,20000,1500,1
40.7463199904872,1000,20000,1500,1
43.2970793553093,0,21000,1500,1
43.3104229288181,100,21000,1500,1
42.8110424426237,200,21000,1500,1
42.0711200904754,300,21000,1500,1
42.0670632655474,400,21000,1500,1
42.3190354920664,500,21000,1500,1
41.3810622488535,600,21000,1500,1
41.5005362436022,700,21000,1500,1
41.8297939439052,800,21000,1500,1
41.7356869790211,900,21000,1500,1
41.2748428995308,1000,21000,1500,1
43.1755117998912,0,22000,1500,1
42.6535795594726,100,22000,1500,1
42.508121802443,200,22000,1500,1
42.3818122943316,300,22000,1500,1
41.832393880098,400,22000,1500,1
42.3008737072508,500,22000,1500,1
41.6775412041064,600,22000,1500,1
41.5427922648325,700,22000,1500,1
41.0078568481846,800,22000,1500,1
41.3964814609319,900,22000,1500,1
41.2335050615836,1000,22000,1500,1
43.8953590966491,0,23000,1500,1
43.3967029562208,100,23000,1500,1
42.4130478079709,200,23000,1500,1
42.5237649471199,300,23000,1500,1
42.5619023448852,400,23000,1500,1
42.3866599553634,500,23000,1500,1
41.787942236389,600,23000,1500,1
41.7494054796245,700,23000,1500,1
40.6109997801988,800,23000,1500,1
40.9696334593376,900,23000,1500,1
41.0877372819501,1000,23000,1500,1
43.2989074760288,0,24000,1500,1
42.4496265926546,100,24000,1500,1
43.3532339279635,200,24000,1500,1
42.3705276071919,300,24000,1500,1
41.7426378399624,400,24000,1500,1
42.0641889119786,500,24000,1500,1
42.5583065698854,600,24000,1500,1
41.5127647657836,700,24000,1500,1
41.8251229686125,800,24000,1500,1
41.6970373800714,900,24000,1500,1
41.5383145997488,1000,24000,1500,1
43.2629098568792,0,25000,1500,1
42.8842376899872,100,25000,1500,1
42.6455874605215,200,25000,1500,1
43.0491074583672,300,25000,1500,1
43.0194164717909,400,25000,1500,1
42.4358774871676,500,25000,1500,1
42.6631779231783,600,25000,1500,1
42.1414496884827,700,25000,1500,1
41.9183137606769,800,25000,1500,1
42.0513601480426,900,25000,1500,1
41.8739341870715,1000,25000,1500,1
41.4013270977388,0,10000,1750,1
41.8034508703206,100,10000,1750,1
41.6028444035297,200,10000,1750,1
41.7297273615197,300,10000,1750,1
41.6411648151162,400,10000,1750,1
41.5800770711709,500,10000,1750,1
41.6870160911225,600,10000,1750,1
40.8581605588202,700,10000,1750,1
41.6947105868943,800,10000,1750,1
41.5138534017791,900,10000,1750,1
41.0910230207235,1000,10000,1750,1
41.3141905134173,0,11000,1750,1
41.8881522535656,100,11000,1750,1
41.5211353246018,200,11000,1750,1
41.9489340295275,300,11000,1750,1
41.7668184067831,400,11000,1750,1
41.6538593905008,500,11000,1750,1
41.0590384782091,600,11000,1750,1
41.5337574438628,700,11000,1750,1
41.2596091825774,800,11000,1750,1
41.4146260234424,900,11000,1750,1
41.4789881788198,1000,11000,1750,1
42.2974128891569,0,12000,1750,1
41.3862698500951,100,12000,1750,1
41.5698968196351,200,12000,1750,1
41.8110384128769,300,12000,1750,1
41.572107433612,400,12000,1750,1
41.5374489611388,500,12000,1750,1
41.6449413722505,600,12000,1750,1
41.5773994749271,700,12000,1750,1
41.1333111862757,800,12000,1750,1
41.3877375341906,900,12000,1750,1
39.8930487760817,1000,12000,1750,1
41.6012688449254,0,13000,1750,1
41.9943534005077,100,13000,1750,1
42.0979523464848,200,13000,1750,1
42.0144071660344,300,13000,1750,1
41.7666197160174,400,13000,1750,1
42.0809391827008,500,13000,1750,1
41.5902129034086,600,13000,1750,1
41.2156956744256,700,13000,1750,1
41.4806243717065,800,13000,1750,1
40.1964049922126,900,13000,1750,1
41.3958212478994,1000,13000,1750,1
42.0104676254629,0,14000,1750,1
41.9865753970671,100,14000,1750,1
41.3259139133182,200,14000,1750,1
41.8914586383797,300,14000,1750,1
41.6317208530767,400,14000,1750,1
41.4479770611109,500,14000,1750,1
41.7351770748722,600,14000,1750,1
41.2678700207398,700,14000,1750,1
41.1378988595548,800,14000,1750,1
40.9332998124322,900,14000,1750,1
41.0577794378238,1000,14000,1750,1
41.7368606654985,0,15000,1750,1
41.7690594789221,100,15000,1750,1
41.5925683291826,200,15000,1750,1
42.043935531295,300,15000,1750,1
41.4717839587171,400,15000,1750,1
41.9852831881104,500,15000,1750,1
41.3035149570474,600,15000,1750,1
41.8777934468399,700,15000,1750,1
41.671810457855,800,15000,1750,1
41.7125134570619,900,15000,1750,1
40.574202702159,1000,15000,1750,1
42.3977255933341,0,16000,1750,1
42.2714313836831,100,16000,1750,1
42.2555563899318,200,16000,1750,1
41.5603276371169,300,16000,1750,1
41.397445094517,400,16000,1750,1
42.1362008528415,500,16000,1750,1
41.4585856744029,600,16000,1750,1
40.8351459429213,700,16000,1750,1
41.1942017962466,800,16000,1750,1
41.8673957674065,900,16000,1750,1
41.1867794379518,1000,16000,1750,1
42.0281960029226,0,17000,1750,1
42.0847095406963,100,17000,1750,1
42.3536184052464,200,17000,1750,1
41.9793855888271,300,17000,1750,1
42.1721403080962,400,17000,1750,1
41.9043431561343,500,17000,1750,1
42.0898891472084,600,17000,1750,1
41.5172810617918,700,17000,1750,1
41.6232021570255,800,17000,1750,1
41.1370263218229,900,17000,1750,1
41.8977994384274,1000,17000,1750,1
42.9173686857046,0,18000,1750,1
41.9105898609747,100,18000,1750,1
41.7872780797014,200,18000,1750,1
42.4961567180221,300,18000,1750,1
41.6481296173211,400,18000,1750,1
41.7389587097151,500,18000,1750,1
41.5466847938915,600,18000,1750,1
41.5425784252983,700,18000,1750,1
41.5311006488144,800,18000,1750,1
41.4527336615751,900,18000,1750,1
41.742598928537,1000,18000,1750,1
42.9027069532323,0,19000,1750,1
42.133590500598,100,19000,1750,1
42.8477429152514,200,19000,1750,1
42.615827197228,300,19000,1750,1
41.9681382557362,400,19000,1750,1
42.2123869599933,500,19000,1750,1
41.4467099376625,600,19000,1750,1
41.8046109355916,700,19000,1750,1
41.8037773943922,800,19000,1750,1
41.7835806541831,900,19000,1750,1
41.7363348494252,1000,19000,1750,1
43.5598605362511,0,20000,1750,1
42.2216355666826,100,20000,1750,1
41.9355174830101,200,20000,1750,1
42.4241376882079,300,20000,1750,1
42.0512913813668,400,20000,1750,1
42.4774357786406,500,20000,1750,1
41.9213104880405,600,20000,1750,1
41.5967449726264,700,20000,1750,1
41.713004088773,800,20000,1750,1
41.2130828631244,900,20000,1750,1
41.1655127014549,1000,20000,1750,1
42.2232314490131,0,21000,1750,1
42.6565370389946,100,21000,1750,1
43.0666696685002,200,21000,1750,1
42.4992026696913,300,21000,1750,1
42.4586317888548,400,21000,1750,1
42.4321782375362,500,21000,1750,1
41.8870375242881,600,21000,1750,1
41.9938210486563,700,21000,1750,1
41.4561692742935,800,21000,1750,1
41.6280845145368,900,21000,1750,1
41.8100194492244,1000,21000,1750,1
42.8001850725367,0,22000,1750,1
43.3397578507405,100,22000,1750,1
42.0191491506044,200,22000,1750,1
42.3592453876647,300,22000,1750,1
42.1066751239123,400,22000,1750,1
42.7692328858084,500,22000,1750,1
41.7969114882206,600,22000,1750,1
42.0890237924738,700,22000,1750,1
41.8680484177255,800,22000,1750,1
41.9304616863133,900,22000,1750,1
41.5431016120466,1000,22000,1750,1
43.7642427870866,0,23000,1750,1
43.3621516011186,100,23000,1750,1
41.5016495973026,200,23000,1750,1
42.0183695070122,300,23000,1750,1
42.9245597072505,400,23000,1750,1
41.5044908847985,500,23000,1750,1
42.2764271919888,600,23000,1750,1
42.2050056045809,700,23000,1750,1
41.8448113415025,800,23000,1750,1
41.7606913741288,900,23000,1750,1
41.6462254365218,1000,23000,1750,1
43.9451619926904,0,24000,1750,1
43.217961515768,100,24000,1750,1
42.888901281552,200,24000,1750,1
42.966543758854,300,24000,1750,1
42.0386412438624,400,24000,1750,1
42.3830539269609,500,24000,1750,1
41.9473969697203,600,24000,1750,1
41.956391908505,700,24000,1750,1
41.6370085562202,800,24000,1750,1
41.0975437779468,900,24000,1750,1
41.9937477701162,1000,24000,1750,1
44.0310091044238,0,25000,1750,1
43.3355814600663,100,25000,1750,1
43.068678072798,200,25000,1750,1
43.5532265914574,300,25000,1750,1
43.3911331031655,400,25000,1750,1
42.8616755067582,500,25000,1750,1
42.2943668658675,600,25000,1750,1
42.4909567906102,700,25000,1750,1
41.0756913814602,800,25000,1750,1
42.2289663184131,900,25000,1750,1
41.7983668587611,1000,25000,1750,1
41.8545297689345,0,10000,2000,1
41.2178982841482,100,10000,2000,1
41.5573128589858,200,10000,2000,1
41.4703956762579,300,10000,2000,1
41.5589405638784,400,10000,2000,1
41.7672776987389,500,10000,2000,1
41.4129443376982,600,10000,2000,1
41.4318036959102,700,10000,2000,1
41.6098286282305,800,10000,2000,1
41.3747754905601,900,10000,2000,1
41.3225511639618,1000,10000,2000,1
42.4202709938915,0,11000,2000,1
41.7818060596727,100,11000,2000,1
41.7134385856588,200,11000,2000,1
41.6104952472498,300,11000,2000,1
41.2675988737975,400,11000,2000,1
41.2141898426233,500,11000,2000,1
41.5591964701244,600,11000,2000,1
41.5935571952281,700,11000,2000,1
41.5664616412128,800,11000,2000,1
41.058160107852,900,11000,2000,1
41.7935878593548,1000,11000,2000,1
41.9900062703429,0,12000,2000,1
41.5645002580421,100,12000,2000,1
40.9811399772612,200,12000,2000,1
41.5941941442845,300,12000,2000,1
41.427880947542,400,12000,2000,1
41.7457710084868,500,12000,2000,1
41.7056460507201,600,12000,2000,1
41.5786658965889,700,12000,2000,1
41.5028405010559,800,12000,2000,1
41.1831965831336,900,12000,2000,1
41.6061782864733,1000,12000,2000,1
41.81118693759,0,13000,2000,1
41.7796019865574,100,13000,2000,1
41.423471973021,200,13000,2000,1
41.8897249198656,300,13000,2000,1
41.4552172557962,400,13000,2000,1
41.6084360510189,500,13000,2000,1
41.7707769791576,600,13000,2000,1
41.3112750915446,700,13000,2000,1
41.3298355936235,800,13000,2000,1
41.6994907147321,900,13000,2000,1
41.5734814939685,1000,13000,2000,1
41.7826227183529,0,14000,2000,1
41.6488257006688,100,14000,2000,1
42.2821704947657,200,14000,2000,1
41.7789236734652,300,14000,2000,1
41.9507501280966,400,14000,2000,1
41.9217933870907,500,14000,2000,1
41.3187175685489,600,14000,2000,1
41.7415397243547,700,14000,2000,1
41.5324705764026,800,14000,2000,1
41.8100967424109,900,14000,2000,1
41.3039377022763,1000,14000,2000,1
42.2246257334104,0,15000,2000,1
42.1659819746523,100,15000,2000,1
41.1885066085598,200,15000,2000,1
41.5359035747327,300,15000,2000,1
41.7683396927438,400,15000,2000,1
42.1032772178358,500,15000,2000,1
41.7754311116414,600,15000,2000,1
41.4181019346279,700,15000,2000,1
40.8193860074094,800,15000,2000,1
41.8913858166031,900,15000,2000,1
41.342083658919,1000,15000,2000,1
41.6354971631747,0,16000,2000,1
42.5452185703056,100,16000,2000,1
41.9484930993438,200,16000,2000,1
41.4861902345091,300,16000,2000,1
41.4267778503421,400,16000,2000,1
41.7553154510577,500,16000,2000,1
41.9273210420447,600,16000,2000,1
41.7972479755158,700,16000,2000,1
41.5227360812678,800,16000,2000,1
40.9177689876763,900,16000,2000,1
41.6522998800705,1000,16000,2000,1
41.6081119033123,0,17000,2000,1
41.5708149996327,100,17000,2000,1
42.6323115760947,200,17000,2000,1
40.7958054949683,300,17000,2000,1
42.2891895332678,400,17000,2000,1
42.5110615525669,500,17000,2000,1
41.8491641591794,600,17000,2000,1
41.9092413708832,700,17000,2000,1
42.0791318090061,800,17000,2000,1
41.7046273692182,900,17000,2000,1
41.5897923394212,1000,17000,2000,1
42.3559473577801,0,18000,2000,1
41.9000099818486,100,18000,2000,1
42.4274320390894,200,18000,2000,1
42.4951273879917,300,18000,2000,1
41.9516388040661,400,18000,2000,1
42.335286603884,500,18000,2000,1
42.1437847988439,600,18000,2000,1
41.8392552794638,700,18000,2000,1
41.4564639984272,800,18000,2000,1
41.1979982305573,900,18000,2000,1
41.4116998403053,1000,18000,2000,1
42.3506026103794,0,19000,2000,1
42.8112752254386,100,19000,2000,1
42.446540412996,200,19000,2000,1
42.5018813183079,300,19000,2000,1
41.934946126822,400,19000,2000,1
42.5841082378178,500,19000,2000,1
41.7663008942466,600,19000,2000,1
42.1204528431575,700,19000,2000,1
41.9223528436694,800,19000,2000,1
41.7167710533101,900,19000,2000,1
41.6457682572082,1000,19000,2000,1
43.1589281898058,0,20000,2000,1
42.3213807519749,100,20000,2000,1
42.2504023167778,200,20000,2000,1
41.6456693094651,300,20000,2000,1
42.1422920298781,400,20000,2000,1
42.2393688901931,500,20000,2000,1
42.2912158697394,600,20000,2000,1
42.4719682238362,700,20000,2000,1
41.9483392508666,800,20000,2000,1
41.7386422224834,900,20000,2000,1
41.7148267780125,1000,20000,2000,1
43.0005148629578,0,21000,2000,1
41.9972487714546,100,21000,2000,1
41.9598385049284,200,21000,2000,1
42.1180457584485,300,21000,2000,1
42.0008888690271,400,21000,2000,1
41.6427839342286,500,21000,2000,1
42.1068546656923,600,21000,2000,1
41.8368163378115,700,21000,2000,1
41.8321030140893,800,21000,2000,1
41.5701044868253,900,21000,2000,1
41.7828145407981,1000,21000,2000,1
41.9211286164411,0,22000,2000,1
42.2036737066144,100,22000,2000,1
42.9749046801302,200,22000,2000,1
43.0037376587756,300,22000,2000,1
42.3105715260758,400,22000,2000,1
42.0062863784253,500,22000,2000,1
41.7171101381451,600,22000,2000,1
42.2603281541995,700,22000,2000,1
42.0809201873253,800,22000,2000,1
42.2629920432189,900,22000,2000,1
41.6364202380416,1000,22000,2000,1
43.4305509603426,0,23000,2000,1
42.6740064394761,100,23000,2000,1
43.099620182621,200,23000,2000,1
42.8484920754108,300,23000,2000,1
42.5312886099555,400,23000,2000,1
41.2912935479248,500,23000,2000,1
42.2507019948299,600,23000,2000,1
41.770921750322,700,23000,2000,1
42.1619524663095,800,23000,2000,1
41.2646860135973,900,23000,2000,1
41.7846288631726,1000,23000,2000,1
43.2163375321662,0,24000,2000,1
42.861327410815,100,24000,2000,1
42.9299259269944,200,24000,2000,1
42.3786505731065,300,24000,2000,1
43.0750954416273,400,24000,2000,1
42.3857788098153,500,24000,2000,1
42.4252894032479,600,24000,2000,1
41.433354825338,700,24000,2000,1
41.7300480037309,800,24000,2000,1
41.8863224750855,900,24000,2000,1
41.1107908378034,1000,24000,2000,1
44.4391747832436,0,25000,2000,1
42.4985130215744,100,25000,2000,1
42.6527893951525,200,25000,2000,1
43.0173904183018,300,25000,2000,1
43.2339916979567,400,25000,2000,1
42.6507295076567,500,25000,2000,1
42.2495012091664,600,25000,2000,1
42.1531833540488,700,25000,2000,1
41.970783051582,800,25000,2000,1
42.0518114458418,900,25000,2000,1
40.8468328507388,1000,25000,2000,1
41.865336298543,0,10000,2250,1
41.2670673432648,100,10000,2250,1
41.9069806732396,200,10000,2250,1
41.9175563497309,300,10000,2250,1
41.603924571042,400,10000,2250,1
41.1664342702753,500,10000,2250,1
41.4193264663146,600,10000,2250,1
41.1549203038905,700,10000,2250,1
41.4348500217524,800,10000,2250,1
41.324986969842,900,10000,2250,1
41.5778017397394,1000,10000,2250,1
41.7566834104891,0,11000,2250,1
41.8172867571015,100,11000,2250,1
42.1576293518303,200,11000,2250,1
41.3870783753629,300,11000,2250,1
41.7039756680545,400,11000,2250,1
39.9485276984821,500,11000,2250,1
41.6755957618319,600,11000,2250,1
41.8362312894036,700,11000,2250,1
41.6124831217854,800,11000,2250,1
41.2473296773893,900,11000,2250,1
41.0009926910625,1000,11000,2250,1
42.0288665764521,0,12000,2250,1
42.4982418037273,100,12000,2250,1
41.7826648881929,200,12000,2250,1
41.7105282442868,300,12000,2250,1
41.6796294034499,400,12000,2250,1
41.4712336916214,500,12000,2250,1
41.4262931107985,600,12000,2250,1
41.6964767245808,700,12000,2250,1
41.4784901985013,800,12000,2250,1
41.0456891226866,900,12000,2250,1
41.5392648183908,1000,12000,2250,1
41.6523773586838,0,13000,2250,1
41.1390350089573,100,13000,2250,1
41.867633360507,200,13000,2250,1
41.6937074718015,300,13000,2250,1
41.4606429587773,400,13000,2250,1
40.9247806905934,500,13000,2250,1
42.0623017830599,600,13000,2250,1
40.7883659186412,700,13000,2250,1
41.4576300306626,800,13000,2250,1
41.5480066127289,900,13000,2250,1
41.1063565795521,1000,13000,2250,1
42.2983812066871,0,14000,2250,1
41.9558100712264,100,14000,2250,1
42.4421886307952,200,14000,2250,1
41.3379502790646,300,14000,2250,1
41.9215466949083,400,14000,2250,1
41.8671934213992,500,14000,2250,1
41.8014219650549,600,14000,2250,1
41.7415582637099,700,14000,2250,1
42.1487487679058,800,14000,2250,1
41.8710168033011,900,14000,2250,1
40.9920288704969,1000,14000,2250,1
42.4242818449609,0,15000,2250,1
42.0318954202514,100,15000,2250,1
41.9179282952252,200,15000,2250,1
41.9060290146287,300,15000,2250,1
42.3184389525678,400,15000,2250,1
41.9470414984319,500,15000,2250,1
41.7226753648875,600,15000,2250,1
41.0434578227564,700,15000,2250,1
41.9003053470067,800,15000,2250,1
41.1030858165912,900,15000,2250,1
41.2949141661659,1000,15000,2250,1
42.3958551664846,0,16000,2250,1
42.2882021648785,100,16000,2250,1
42.5426212033938,200,16000,2250,1
41.6309084345508,300,16000,2250,1
42.5222066891994,400,16000,2250,1
42.0160153521412,500,16000,2250,1
41.6838509706738,600,16000,2250,1
41.4074401964456,700,16000,2250,1
40.7689368895604,800,16000,2250,1
41.4849504132873,900,16000,2250,1
41.5707083697223,1000,16000,2250,1
42.9767098346415,0,17000,2250,1
42.398589708645,100,17000,2250,1
42.2484983200403,200,17000,2250,1
42.7403081280753,300,17000,2250,1
42.4369191676174,400,17000,2250,1
41.9855697348391,500,17000,2250,1
42.2457101337484,600,17000,2250,1
41.944478735943,700,17000,2250,1
41.8395434653327,800,17000,2250,1
41.2291732722612,900,17000,2250,1
41.1151326242249,1000,17000,2250,1
42.2057162945105,0,18000,2250,1
42.6257821641769,100,18000,2250,1
42.6587879939381,200,18000,2250,1
42.0857203284959,300,18000,2250,1
42.0576530614622,400,18000,2250,1
41.9392800055425,500,18000,2250,1
41.671772419594,600,18000,2250,1
41.9854858651585,700,18000,2250,1
41.9290910655812,800,18000,2250,1
41.8117268003103,900,18000,2250,1
41.7469545630811,1000,18000,2250,1
43.4457373667017,0,19000,2250,1
42.78973803837,100,19000,2250,1
42.6437605430146,200,19000,2250,1
42.5263018969469,300,19000,2250,1
42.8037566674298,400,19000,2250,1
41.5876933907276,500,19000,2250,1
42.6756620144969,600,19000,2250,1
41.8217502713762,700,19000,2250,1
41.6896122060244,800,19000,2250,1
42.2680900158131,900,19000,2250,1
42.0317164370219,1000,19000,2250,1
43.603846586413,0,20000,2250,1
42.4572445027197,100,20000,2250,1
43.1010526151662,200,20000,2250,1
42.629254347538,300,20000,2250,1
41.7959026640169,400,20000,2250,1
42.1558433052834,500,20000,2250,1
41.7936575835758,600,20000,2250,1
42.4458838088156,700,20000,2250,1
41.531795758856,800,20000,2250,1
41.6365979860876,900,20000,2250,1
40.9880518573809,1000,20000,2250,1
43.179475338708,0,21000,2250,1
42.7031818048913,100,21000,2250,1
43.1184873254478,200,21000,2250,1
42.5237838862315,300,21000,2250,1
42.4963372187805,400,21000,2250,1
42.4555381370876,500,21000,2250,1
41.833686412766,600,21000,2250,1
41.5969897571767,700,21000,2250,1
42.0274418771168,800,21000,2250,1
41.9528755884496,900,21000,2250,1
41.5939706391649,1000,21000,2250,1
43.4853175785166,0,22000,2250,1
43.0922080037306,100,22000,2250,1
42.6517922791302,200,22000,2250,1
42.2675163563116,300,22000,2250,1
42.0025107297373,400,22000,2250,1
42.5283697940187,500,22000,2250,1
42.1761203011896,600,22000,2250,1
42.1387645915124,700,22000,2250,1
41.975389591711,800,22000,2250,1
42.3062310427099,900,22000,2250,1
41.4421181777051,1000,22000,2250,1
44.3365447778057,0,23000,2250,1
42.9805140011067,100,23000,2250,1
42.6859190839682,200,23000,2250,1
42.6735029976858,300,23000,2250,1
43.2289060173794,400,23000,2250,1
42.3536204310504,500,23000,2250,1
41.6048345096484,600,23000,2250,1
42.7237384951887,700,23000,2250,1
42.3879651904644,800,23000,2250,1
41.4631695412783,900,23000,2250,1
41.2010699051746,1000,23000,2250,1
44.3110214267515,0,24000,2250,1
43.6179772447672,100,24000,2250,1
43.0922519304942,200,24000,2250,1
42.9992305075518,300,24000,2250,1
42.220261055762,400,24000,2250,1
42.6883156812224,500,24000,2250,1
42.0559190056361,600,24000,2250,1
42.4138730424618,700,24000,2250,1
41.0717308985225,800,24000,2250,1
42.0847824176982,900,24000,2250,1
42.15287421711,1000,24000,2250,1
43.4337092663367,0,25000,2250,1
43.7021522905535,100,25000,2250,1
42.5970393087085,200,25000,2250,1
43.2296764129775,300,25000,2250,1
43.3237747266067,400,25000,2250,1
42.2636883461542,500,25000,2250,1
42.5312108935993,600,25000,2250,1
42.5290260708002,700,25000,2250,1
42.1941734084296,800,25000,2250,1
42.5090567897009,900,25000,2250,1
41.7183947652219,1000,25000,2250,1
41.625040687043,0,10000,2500,1
39.7954706656941,100,10000,2500,1
41.6384740757988,200,10000,2500,1
41.3771962793171,300,10000,2500,1
41.7255193887891,400,10000,2500,1
41.3455291822045,500,10000,2500,1
41.6985342106293,600,10000,2500,1
41.2973454922813,700,10000,2500,1
41.16074885146,800,10000,2500,1
41.6712616223459,900,10000,2500,1
41.4927074679983,1000,10000,2500,1
41.9779586373022,0,11000,2500,1
42.160622719279,100,11000,2500,1
41.3328092877996,200,11000,2500,1
41.7584673390959,300,11000,2500,1
41.4594582422023,400,11000,2500,1
41.3602508236724,500,11000,2500,1
41.951863139361,600,11000,2500,1
41.1979303882705,700,11000,2500,1
41.8563670107422,800,11000,2500,1
41.8207324768455,900,11000,2500,1
41.5111301009145,1000,11000,2500,1
41.7410521814253,0,12000,2500,1
41.7477145635253,100,12000,2500,1
41.4636553889786,200,12000,2500,1
41.8439566888465,300,12000,2500,1
41.2873132800907,400,12000,2500,1
41.3508009449664,500,12000,2500,1
41.6611309071518,600,12000,2500,1
41.6741483473513,700,12000,2500,1
41.7121767678583,800,12000,2500,1
41.5281841936384,900,12000,2500,1
41.4278548363613,1000,12000,2500,1
41.2075480827443,0,13000,2500,1
41.8841555599927,100,13000,2500,1
41.744071443966,200,13000,2500,1
41.2620758080366,300,13000,2500,1
41.9130295521706,400,13000,2500,1
41.5210266275234,500,13000,2500,1
41.913090346901,600,13000,2500,1
41.3948309340741,700,13000,2500,1
41.4591144497791,800,13000,2500,1
41.69698722345,900,13000,2500,1
40.8165891309156,1000,13000,2500,1
41.9890884246734,0,14000,2500,1
41.722621579127,100,14000,2500,1
41.6666346403492,200,14000,2500,1
42.2239772096587,300,14000,2500,1
41.2654866063004,400,14000,2500,1
41.819950480016,500,14000,2500,1
41.6264147642216,600,14000,2500,1
41.447273829748,700,14000,2500,1
41.6232496194978,800,14000,2500,1
41.6836649576436,900,14000,2500,1
41.6160135192293,1000,14000,2500,1
41.9089675327816,0,15000,2500,1
41.9970496252813,100,15000,2500,1
42.129179863865,200,15000,2500,1
41.8055214614559,300,15000,2500,1
42.1601934791783,400,15000,2500,1
42.0283330324992,500,15000,2500,1
42.1717065135826,600,15000,2500,1
41.8842912562079,700,15000,2500,1
41.8743345487793,800,15000,2500,1
40.50525153322,900,15000,2500,1
41.4215371401934,1000,15000,2500,1
41.92791747854,0,16000,2500,1
42.3824028259381,100,16000,2500,1
41.5579295193668,200,16000,2500,1
41.614898577886,300,16000,2500,1
41.5718375307842,400,16000,2500,1
41.8243261786053,500,16000,2500,1
41.2372034196214,600,16000,2500,1
41.6899094456425,700,16000,2500,1
41.8580258826428,800,16000,2500,1
41.8453254709061,900,16000,2500,1
41.9463153000673,1000,16000,2500,1
43.2355953895715,0,17000,2500,1
42.543810777424,100,17000,2500,1
41.8956969558786,200,17000,2500,1
42.1625240543907,300,17000,2500,1
42.3691196397973,400,17000,2500,1
41.3145520694278,500,17000,2500,1
41.9449967023415,600,17000,2500,1
42.2871967317138,700,17000,2500,1
41.6858248166243,800,17000,2500,1
41.9062591575797,900,17000,2500,1
41.5914007781449,1000,17000,2500,1
42.245606792243,0,18000,2500,1
42.9273804916761,100,18000,2500,1
42.3944998607411,200,18000,2500,1
42.5437408463535,300,18000,2500,1
41.8763594712547,400,18000,2500,1
41.8623062919575,500,18000,2500,1
42.5197286908092,600,18000,2500,1
42.0892357104903,700,18000,2500,1
41.5920448874938,800,18000,2500,1
41.8462617580194,900,18000,2500,1
41.9183312929177,1000,18000,2500,1
43.4322830057289,0,19000,2500,1
42.7239060479647,100,19000,2500,1
42.1581275451337,200,19000,2500,1
42.1981640439077,300,19000,2500,1
41.9052975604954,400,19000,2500,1
41.8841846455226,500,19000,2500,1
42.2970915852672,600,19000,2500,1
42.1763635967082,700,19000,2500,1
41.9171384790582,800,19000,2500,1
41.5234152836731,900,19000,2500,1
41.9881097468725,1000,19000,2500,1
42.1191263934959,0,20000,2500,1
42.4405253753545,100,20000,2500,1
43.020730411814,200,20000,2500,1
42.3838791008104,300,20000,2500,1
42.663768703307,400,20000,2500,1
42.4850642722421,500,20000,2500,1
42.127040328515,600,20000,2500,1
41.9489587277083,700,20000,2500,1
41.845865402205,800,20000,2500,1
41.6735078720161,900,20000,2500,1
42.168974942962,1000,20000,2500,1
42.3974303177135,0,21000,2500,1
42.7595364929292,100,21000,2500,1
43.0136541578485,200,21000,2500,1
42.6239707973403,300,21000,2500,1
41.857338186061,400,21000,2500,1
43.0142865121117,500,21000,2500,1
41.6565969404613,600,21000,2500,1
42.3221492876918,700,21000,2500,1
42.4956649222965,800,21000,2500,1
42.1814359878981,900,21000,2500,1
41.8991581514369,1000,21000,2500,1
43.2755989621365,0,22000,2500,1
42.3148352879804,100,22000,2500,1
42.3970994275043,200,22000,2500,1
42.4693360388576,300,22000,2500,1
42.3661123278276,400,22000,2500,1
42.4802329637453,500,22000,2500,1
41.9175285181046,600,22000,2500,1
41.9699229753408,700,22000,2500,1
42.1522992870772,800,22000,2500,1
42.5069044238691,900,22000,2500,1
41.7948601215113,1000,22000,2500,1
43.52656014284,0,23000,2500,1
43.1225864277371,100,23000,2500,1
43.4264114917669,200,23000,2500,1
43.1751509659983,300,23000,2500,1
42.4507510919567,400,23000,2500,1
42.1892112972856,500,23000,2500,1
42.8654311774555,600,23000,2500,1
41.8185396456535,700,23000,2500,1
42.2147531364393,800,23000,2500,1
41.7482375989232,900,23000,2500,1
40.9639287111527,1000,23000,2500,1
42.7437236553813,0,24000,2500,1
43.9195421575192,100,24000,2500,1
42.9495256973899,200,24000,2500,1
42.3554817121011,300,24000,2500,1
43.1321455344272,400,24000,2500,1
42.8653204166377,500,24000,2500,1
42.7394987436688,600,24000,2500,1
42.1769003817647,700,24000,2500,1
42.5423699841165,800,24000,2500,1
41.3850441393337,900,24000,2500,1
42.5138632688802,1000,24000,2500,1
44.0134127070778,0,25000,2500,1
43.4833997341848,100,25000,2500,1
43.2813537113016,200,25000,2500,1
43.1178724955642,300,25000,2500,1
42.5462730369596,400,25000,2500,1
42.8533213416694,500,25000,2500,1
42.7954967931082,600,25000,2500,1
42.5952685081757,700,25000,2500,1
42.1941182387915,800,25000,2500,1
41.524943897258,900,25000,2500,1
42.2967438057753,1000,25000,2500,1
